INSERT INTO Adherent VALUES ('apple', '123456', 'Steve', 'Jobs', '1955-02-24', '60200', '1 Rue des Bonnetiers', 'Compiègne', 'steve.jobs@gmail.com', '(800)275-2273', True, True);
INSERT INTO Adherent VALUES ('otari', 'oTsuv471', 'Tari', 'Ousmane', '1998-07-15', '60200', '4 Rue Carnot', 'Compiègne', 'ousmane.tari@gmail.com', '0685967412', True, True);
INSERT INTO Adherent VALUES('asifflet', 'Lutr47j', 'Sifflet', 'Armin', '1990-10-25', '60200', '1 Rue Michelet', 'Compiègne', 'armin.sifflet@gmail.com', '0548963124', True, True);
INSERT INTO MembrePersonnel VALUES('Chris', '654321', 'LU', 'Maybe', '13100', '13 Fleury val', 'Aix-en-provence', 'Fendi@outlook.com');
INSERT INTO MembrePersonnel VALUES('mazir', 'mA12ghuylm', 'Azir', 'Mohammed', '60000', '2 Avenue de la Paix', 'Beauvais', 'mohammed.azir@gmail.com');
INSERT INTO MembrePersonnel VALUES('eiro', 'yu45sdq', 'Iro', 'Esteban', '60200', '10 Rue Louis Armand', 'Compiègne', 'esteban.iro@gmail.com');
INSERT INTO Retard VALUES ('1', 'Chris', '0');
INSERT INTO Deterioration VALUES ('1', 'eiro', '0');

-- changement JSON
INSERT INTO OeuvreMusicale VALUES (
	'LLDCT38', 
	'Le Lac des cygnes', 
	TO_DATE('1877', 'YYYY'), 
	NULL, 'ballet classique', 
	'LEL134', '02:30:00', 
	'[{"nom": "Pior Ilitch", "prenom" : "Tchaïkovski", "date_naissance" : "1840-04-25", "nationalite" : "russe"}]', 
	'[{"nom": "Pior Ilitch", "prenom" : "Tchaïkovski", "date_naissance" : "1840-04-25", "nationalite" : "russe"}]'
);
INSERT INTO OeuvreMusicale VALUES (
	'TDCAU41', 
	'They Don’t Care About Us', 
	TO_DATE('2011', 'YYYY'), 
	NULL, 
	'mélange de styles', 
	'TDC123', '00:04:28', 
	'[{"nom": "Maalouf", "prenom" : "Ibrahim", "date_naissance" : "1840-04-25", "nationalite" : "russe"}]',
	'[{"nom": "Maalouf", "prenom" : "Ibrahim", "date_naissance" : "1840-04-25", "nationalite" : "russe"}]'
);
INSERT INTO Film VALUES (
	'PULFI96', 
	'Pulp Fiction', 
	TO_DATE('1994', 'YYYY'), 
	NULL, 
	'gangsters', 
	'PUF932', 
	'02:45:00', 
	NULL, 
	'[{"nom" : "Travolta", "prenom" : "John", "date_naissance" : "1954-02-18", "nationalite" : "américaine"}, {"nom" : "Thurman", "prenom" : "Uma", "date_naissance" : "1970-04-29", "nationalite" : "américaine"}]',
	'[{"nom" : "Tarantino", "prenom" : "Quentin", "date_naissance" : "1963-03-27", "nationalite" : "américaine"}]'
);
INSERT INTO Film VALUES (
	'LEPAR91', 
	'Le Parrain', 
	TO_DATE('1972', 'YYYY'), 
	NULL, 
	'gangsters', 
	'LEP893', 
	'02:55:00', 
	NULL, 
	'[{"nom" : "Coppola", "prenom" : "Francis Ford", "date_naissance" : "1939-04-07", "nationalite" : "américaine"}]',
	'[{"nom" : "Pacino", "prenom" : "Alfredo James", "date_naissance" : "1940-04-25", "nationalite" : "américaine"}]'
);
INSERT INTO Film VALUES (
	'LGBCN96', 
	'Le Grand Blond avec une chaussure noire', 
	TO_DATE('1972', 'YYYY'), NULL, 'espionnage parodique', 
	'LBB1325', 
	'01:30:00', 
	NULL, 
	'[{"nom" : "Robert", "prenom" : "Yves", "date_naissance" : "1920-06-19", "nationalite" : "française"}]', 
	'[{"nom" : "Richard", "prenom" : "Pierre", "date_naissance" : "1934-08-16", "nationalite" : "française"}]'
);
INSERT INTO Livre VALUES (
	'LRELN69', 
	'Le Rouge et le Noir', 
	TO_DATE('1830', 'YYYY'), 
	'Poche', 
	'roman' , 
	'REN699', 
	'978-2253077497', 
	'L’énergie d’un jeune homme ardent, exigeant et pauvre dans la société de la Restauration.', 
	'française', 
	'[{"nom": "Beyle", "prenom" : "Henri", "date_naissance" : "1783-01-23", "nationalite" : "française"}]'
);
INSERT INTO Livre VALUES (
	'AIHDA98', 
	'1984', 
	TO_DATE('1949', 'YYYY'), 
	'Penguin Random House Children’s UK', 
	'roman' , 
	'AIH984', 
	'978-0241430972', 
	'Big Brother and the Thought Police watch everyone for signs of Thought Crime.', 
	'anglaise', 
	'[{"nom": "Orwell", "prenom" : "Georges", "date_naissance" : "1903-06-25", "nationalite" : "britannique"}]'
);

INSERT INTO Exemplaire VALUES ('1', 'neuf', '1', NULL, 'PULFI96', NULL);
INSERT INTO Exemplaire VALUES ('2', 'bon', '0', NULL, NULL, 'LRELN69');
INSERT INTO Exemplaire VALUES ('3', 'neuf', '1', NULL, 'PULFI96', NULL);
INSERT INTO Exemplaire VALUES ('4', 'bon', '1', NULL, 'PULFI96', NULL);
INSERT INTO Exemplaire VALUES ('5', 'neuf', '1', NULL, 'LEPAR91', NULL);
INSERT INTO Exemplaire VALUES ('6', 'neuf', '1', NULL, 'LEPAR91', NULL);
INSERT INTO Exemplaire VALUES ('7', 'neuf', '1', NULL, 'LEPAR91', NULL);
INSERT INTO Exemplaire VALUES ('8', 'neuf', '1', NULL, NULL, 'LRELN69');
INSERT INTO Exemplaire VALUES ('9', 'bon', '1', NULL, NULL, 'AIHDA98');
INSERT INTO Exemplaire VALUES ('10', 'neuf', '1', 'LLDCT38', NULL, NULL);
INSERT INTO Exemplaire VALUES ('11', 'abîmé', '0', 'LLDCT38', NULL, NULL);
INSERT INTO Exemplaire VALUES ('12', 'neuf', '0', 'TDCAU41', NULL, NULL);
INSERT INTO Emprunt VALUES ('1', TO_DATE('11-01-2022', 'DD-MM-YYYY'), TO_DATE('11-02-2022', 'DD-MM-YYYY'), TO_DATE('25-01-2022', 'DD-MM-YYYY'), 'mazir', 'apple', NULL, '1');
INSERT INTO Emprunt VALUES ('2', TO_DATE('04-06-2022', 'DD-MM-YYYY'), TO_DATE('04-07-2022', 'DD-MM-YYYY'), TO_DATE('07-07-2022', 'DD-MM-YYYY'), 'eiro', 'otari', '1', NULL);
INSERT INTO Emprunt VALUES ('2', TO_DATE('25-10-2022', 'DD-MM-YYYY'), TO_DATE('25-11-2022', 'DD-MM-YYYY'), NULL, 'eiro', 'asifflet', NULL, NULL);
INSERT INTO Composer VALUES ('Pior Ilitch', 'Tchaïkovski', 'LLDCT38');
INSERT INTO Composer VALUES ('Maalouf', 'Ibrahim', 'TDCAU41');
INSERT INTO Interpreter VALUES ('Maalouf', 'Ibrahim', 'TDCAU41');
INSERT INTO Realiser VALUES ('Tarantino', 'Quentin', 'PULFI96');
INSERT INTO Realiser VALUES ('Robert', 'Yves', 'LGBCN96');
INSERT INTO Realiser VALUES ('Coppola', 'Francis Ford', 'LEPAR91');
INSERT INTO Acteur VALUES ('Travolta', 'John', 'PULFI96');
INSERT INTO Acteur VALUES ('Richard', 'Pierre', 'LGBCN96');
INSERT INTO Auteur VALUES ('Beyle', 'Henri', 'LRELN69');
INSERT INTO Auteur VALUES ('Orwell', 'Georges', 'AIHDA98');

